{
    "0": {},
    "1": {
        "1": 2.2169353755365537,
        "2": 2.455192161107907,
        "3": 2.5262328354349535,
        "4": 2.4154146472713873,
        "6": 2.4154146472713873,
        "7": 2.5262328354349535,
        "8": 2.455192161107907,
        "9": 2.2169353755365537
    },
    "2": {
        "1": 2.436745486657012,
        "2": 2.6204049738343613,
        "3": 2.728528566626432,
        "4": 2.7530070075114064,
        "5": 2.7655830428418247,
        "6": 2.7530070075114064,
        "7": 2.7285285666264314,
        "8": 2.6204049738343613,
        "9": 2.436745486657012
    },
    "3": {
        "1": 2.455192161107907,
        "2": 2.6492715739537425,
        "3": 2.7569602414671905,
        "4": 2.672350371130432,
        "6": 2.6723503711304315,
        "7": 2.7569602414671905,
        "8": 2.6492715739537425,
        "9": 2.455192161107907
    },
    "4": {
        "1": 2.272924828710644,
        "2": 2.583935852064949,
        "3": 2.753007007511406,
        "4": 2.4707661960116414,
        "6": 2.4707661960116414,
        "7": 2.753007007511406,
        "8": 2.583935852064949,
        "9": 2.272924828710644
    },
    "5": {
        "3": 2.765583042841825,
        "7": 2.765583042841825
    },
    "6": {
        "1": 2.2729248287106443,
        "2": 2.5839358520649487,
        "3": 2.753007007511406,
        "4": 2.470766196011642,
        "6": 2.470766196011642,
        "7": 2.753007007511406,
        "8": 2.583935852064949,
        "9": 2.2729248287106443
    },
    "7": {
        "1": 2.4551921611079073,
        "2": 2.649271573953743,
        "3": 2.756960241467191,
        "4": 2.672350371130432,
        "6": 2.6723503711304315,
        "7": 2.756960241467191,
        "8": 2.649271573953743,
        "9": 2.4551921611079073
    },
    "8": {
        "1": 2.436745486657012,
        "2": 2.6204049738343613,
        "3": 2.728528566626432,
        "4": 2.7530070075114055,
        "5": 2.7655830428418255,
        "6": 2.7530070075114055,
        "7": 2.7285285666264314,
        "8": 2.6204049738343613,
        "9": 2.436745486657012
    },
    "9": {
        "1": 2.2169353755365537,
        "2": 2.455192161107907,
        "3": 2.5262328354349535,
        "4": 2.4154146472713873,
        "6": 2.4154146472713873,
        "7": 2.5262328354349535,
        "8": 2.455192161107907,
        "9": 2.2169353755365537
    },
    "10": {}
}