{
    "0": {
        "0": -0.7830646244634463,
        "1": -0.5448078388920932,
        "2": -0.47376716456504653,
        "3": -0.5845853527286127,
        "5": -0.5845853527286127,
        "6": -0.47376716456504653,
        "7": -0.5448078388920932,
        "8": -0.7830646244634463
    },
    "1": {
        "0": -0.5632545133429878,
        "1": -0.37959502616563867,
        "2": -0.27147143337356816,
        "3": -0.24699299248859363,
        "4": -0.23441695715817534,
        "5": -0.24699299248859363,
        "6": -0.2714714333735686,
        "7": -0.37959502616563867,
        "8": -0.5632545133429878
    },
    "2": {
        "0": -0.5448078388920932,
        "1": -0.35072842604625754,
        "2": -0.24303975853280946,
        "3": -0.32764962886956805,
        "5": -0.3276496288695685,
        "6": -0.24303975853280946,
        "7": -0.35072842604625754,
        "8": -0.5448078388920932
    },
    "3": {
        "0": -0.7270751712893562,
        "1": -0.41606414793505087,
        "2": -0.24699299248859408,
        "3": -0.5292338039883586,
        "5": -0.5292338039883586,
        "6": -0.24699299248859408,
        "7": -0.41606414793505087,
        "8": -0.7270751712893562
    },
    "4": {
        "2": -0.2344169571581749,
        "6": -0.2344169571581749
    },
    "5": {
        "0": -0.7270751712893557,
        "1": -0.4160641479350513,
        "2": -0.24699299248859408,
        "3": -0.5292338039883582,
        "5": -0.5292338039883582,
        "6": -0.24699299248859408,
        "7": -0.41606414793505087,
        "8": -0.7270751712893557
    },
    "6": {
        "0": -0.5448078388920927,
        "1": -0.3507284260462571,
        "2": -0.243039758532809,
        "3": -0.32764962886956805,
        "5": -0.3276496288695685,
        "6": -0.243039758532809,
        "7": -0.3507284260462571,
        "8": -0.5448078388920927
    },
    "7": {
        "0": -0.5632545133429878,
        "1": -0.37959502616563867,
        "2": -0.27147143337356816,
        "3": -0.24699299248859452,
        "4": -0.23441695715817445,
        "5": -0.24699299248859452,
        "6": -0.2714714333735686,
        "7": -0.37959502616563867,
        "8": -0.5632545133429878
    },
    "8": {
        "0": -0.7830646244634463,
        "1": -0.5448078388920932,
        "2": -0.47376716456504653,
        "3": -0.5845853527286127,
        "5": -0.5845853527286127,
        "6": -0.47376716456504653,
        "7": -0.5448078388920932,
        "8": -0.7830646244634463
    }
}